{
    "step": 0,
    "RMSE": 34.64250745905338,
    "MAE": 10.212625186844921,
    "MAPE": 1.4361526303677923
}
