{
    "step": 0,
    "RMSE": 131.60188132384104,
    "MAE": 60.69769043902774,
    "MAPE": 11.719710643653949
}
