{
    "step": 0,
    "RMSE": 38.27748322027397,
    "MAE": 10.067714586695782,
    "MAPE": 1.3973900616971529
}
